timestamp,temperature,humidity,cloud_cover,wind_speed,precipitation
2026-10-09 20:00:00,25.3,55,97,2.1944444444444446,0.0
2026-10-09 21:00:00,26.0,55,69,1.5,0.0
2026-10-09 22:00:00,25.0,57,10,1.5,0.0
2026-10-09 23:00:00,23.4,61,4,1.3888888888888888,0.0
2026-10-10 00:00:00,22.8,62,7,0.888888888888889,0.0
2026-10-10 01:00:00,22.4,63,3,0.38888888888888884,0.0
2026-10-10 02:00:00,22.3,63,0,0.5,0.0
2026-10-10 03:00:00,22.0,63,0,0.8055555555555555,0.0
2026-10-10 04:00:00,21.7,64,0,0.6944444444444444,0.0
2026-10-10 05:00:00,21.5,64,0,0.888888888888889,0.0
2026-10-10 06:00:00,21.3,63,0,1.1111111111111112,0.0
2026-10-10 07:00:00,23.8,63,0,1.5,0.0
2026-10-10 08:00:00,26.4,50,0,2.0,0.0
2026-10-10 09:00:00,28.0,44,0,2.305555555555556,0.0
2026-10-10 10:00:00,29.7,40,0,2.694444444444444,0.0
2026-10-10 11:00:00,31.1,38,0,3.194444444444444,0.0
2026-10-10 12:00:00,31.9,34,0,3.1111111111111107,0.0
2026-10-10 13:00:00,32.3,32,0,2.388888888888889,0.0
2026-10-10 14:00:00,32.6,30,10,1.1944444444444444,0.0
2026-10-10 15:00:00,32.7,29,18,0.3055555555555556,0.0
2026-10-10 16:00:00,32.6,31,55,1.1111111111111112,0.0
2026-10-10 17:00:00,29.9,43,64,2.111111111111111,0.0
2026-10-10 18:00:00,26.7,50,41,3.0,0.0
2026-10-10 19:00:00,25.0,60,85,2.5,0.0
2026-10-10 20:00:00,25.6,60,99,1.8888888888888888,0.0
2026-10-10 21:00:00,25.8,59,100,1.8055555555555556,0.0
2026-10-10 22:00:00,25.7,59,100,1.6944444444444442,0.0
2026-10-10 23:00:00,25.6,59,63,1.3055555555555556,0.0
2026-10-11 00:00:00,24.6,61,4,1.1111111111111112,0.0
2026-10-11 01:00:00,23.1,65,7,1.0,0.0
2026-10-11 02:00:00,22.6,66,16,0.6944444444444444,0.0
2026-10-11 03:00:00,22.3,65,15,1.1944444444444444,0.0
2026-10-11 04:00:00,21.9,62,28,1.5,0.0
2026-10-11 05:00:00,21.8,59,23,1.8055555555555556,0.0
2026-10-11 06:00:00,21.7,58,6,2.1944444444444446,0.0
2026-10-11 07:00:00,23.2,60,3,2.388888888888889,0.0
2026-10-11 08:00:00,26.8,50,0,3.1111111111111107,0.0
2026-10-11 09:00:00,28.5,45,0,4.305555555555555,0.0
2026-10-11 10:00:00,29.9,42,0,5.111111111111111,0.0
2026-10-11 11:00:00,30.9,38,0,5.111111111111111,0.0
2026-10-11 12:00:00,31.7,36,0,4.111111111111112,0.0
2026-10-11 13:00:00,32.3,33,0,3.3055555555555554,0.0
2026-10-11 14:00:00,32.7,31,0,2.694444444444444,0.0
2026-10-11 15:00:00,32.9,30,0,2.5,0.0
2026-10-11 16:00:00,32.8,30,21,2.111111111111111,0.0
2026-10-11 17:00:00,30.6,39,83,0.888888888888889,0.0
2026-10-11 18:00:00,28.0,37,100,1.1111111111111112,0.0
2026-10-11 19:00:00,27.3,40,83,1.3888888888888888,0.0
